feature_family,environment,model,n,MAE,RMSE,R2,Spearman_rho,median_alpha
raw_intensity,salinity,fluorescence_only,29,7.273336136560735,9.423564063790298,0.8913825147908196,0.6684729064039406,1.7782794100389228
raw_intensity,salinity,fluorescence_plus_env,29,7.760924100520529,10.276824191399168,0.870822396649077,0.5842364532019703,1.7782794100389228
raw_intensity,salinity,corrected_fluorescence,29,8.283193205595424,10.721240876775603,0.8594083668547623,0.5645320197044333,0.1778279410038923
raw_intensity,salinity,environment_only,29,18.878102806833216,29.813346485125436,-0.08715338790835081,-0.9886699507389161,1000.0
raw_intensity,pH,fluorescence_only,29,7.273336136560735,9.423564063790298,0.8913825147908196,0.6684729064039406,1.7782794100389228
raw_intensity,pH,fluorescence_plus_env,29,6.838581888419722,8.802709376852922,0.9052231879885777,0.6793103448275861,1.7782794100389228
raw_intensity,pH,corrected_fluorescence,29,6.991531262001129,9.86591690491129,0.8809459221669144,0.669950738916256,5.623413251903491
raw_intensity,pH,environment_only,29,18.999587339566695,30.286627431529066,-0.12194404834119754,-0.8901477832512312,1000.0
raw_intensity,temperature,fluorescence_only,29,7.273336136560735,9.423564063790298,0.8913825147908196,0.6684729064039406,1.7782794100389228
raw_intensity,temperature,fluorescence_plus_env,29,8.233401573261872,11.637301872766187,0.8343566637962243,0.6507389162561574,1.7782794100389228
raw_intensity,temperature,corrected_fluorescence,29,7.4792204140498875,9.926142964850511,0.8794879648263938,0.6541871921182264,10.0
raw_intensity,temperature,environment_only,29,18.953255554173417,30.051309260345533,-0.10457742887065447,-0.8039408866995073,1000.0
raw_intensity,DO,fluorescence_only,29,7.273336136560735,9.423564063790298,0.8913825147908196,0.6684729064039406,1.7782794100389228
raw_intensity,DO,fluorescence_plus_env,29,6.722548367623379,8.512972515863257,0.9113595746636367,0.6039408866995073,1.7782794100389228
raw_intensity,DO,corrected_fluorescence,29,14.059691867965563,23.00500787646273,0.3526872797384466,0.5970443349753694,56.23413251903491
raw_intensity,DO,environment_only,29,17.012773099745672,24.03655266308707,0.29333475773251727,0.3201970443349753,0.001
raw_intensity,ORP,fluorescence_only,29,7.273336136560735,9.423564063790298,0.8913825147908196,0.6684729064039406,1.7782794100389228
raw_intensity,ORP,fluorescence_plus_env,29,5.735421346667492,7.783723487237504,0.9258955705843579,0.7201970443349752,1.0
raw_intensity,ORP,corrected_fluorescence,29,8.357702861799373,11.768005261399889,0.8306149500401738,0.5591133004926107,17.78279410038923
raw_intensity,ORP,environment_only,29,18.97535402677046,31.066740381825902,-0.18048573937574508,0.06157635467980294,56.23413251903491
raw_intensity,turbidity,fluorescence_only,29,7.273336136560735,9.423564063790298,0.8913825147908196,0.6684729064039406,1.7782794100389228
raw_intensity,turbidity,fluorescence_plus_env,29,7.548877675294235,9.772996383329257,0.8831779441122839,0.6443349753694579,3.1622776601683795
raw_intensity,turbidity,corrected_fluorescence,29,8.169931316218037,11.066753726269733,0.8502006738481636,0.5103448275862068,3.1622776601683795
raw_intensity,turbidity,environment_only,29,18.913281660912546,29.67439623062792,-0.07704327035925207,-0.27093596059113295,56.23413251903491
normalized_shape,salinity,fluorescence_only,29,11.562516713495537,14.70628851972592,0.7354696339538649,0.6477832512315269,1.7782794100389228
normalized_shape,salinity,fluorescence_plus_env,29,11.375690673812239,14.874560105470826,0.7293814076764475,0.682758620689655,3.1622776601683795
normalized_shape,salinity,corrected_fluorescence,29,12.707145069456685,16.593247698062065,0.6632309581949177,0.673399014778325,3.1622776601683795
normalized_shape,salinity,environment_only,29,18.878102806833216,29.813346485125436,-0.08715338790835081,-0.9886699507389161,1000.0
normalized_shape,pH,fluorescence_only,29,11.562516713495537,14.70628851972592,0.7354696339538649,0.6477832512315269,1.7782794100389228
normalized_shape,pH,fluorescence_plus_env,29,10.780838084938269,14.089492582234334,0.757193631090326,0.6822660098522165,1.0
normalized_shape,pH,corrected_fluorescence,29,10.248678884093394,13.86496346660415,0.7648706583113476,0.6576354679802954,1.7782794100389228
normalized_shape,pH,environment_only,29,18.999587339566695,30.286627431529066,-0.12194404834119754,-0.8901477832512312,1000.0
normalized_shape,temperature,fluorescence_only,29,11.562516713495537,14.70628851972592,0.7354696339538649,0.6477832512315269,1.7782794100389228
normalized_shape,temperature,fluorescence_plus_env,29,12.695297821908158,16.863362812984743,0.6521774485101823,0.447783251231527,0.1
normalized_shape,temperature,corrected_fluorescence,29,10.99562660651784,15.579645854324752,0.7031175457765424,0.6477832512315269,3.1622776601683795
normalized_shape,temperature,environment_only,29,18.953255554173417,30.051309260345533,-0.10457742887065447,-0.8039408866995073,1000.0
normalized_shape,DO,fluorescence_only,29,11.562516713495537,14.70628851972592,0.7354696339538649,0.6477832512315269,1.7782794100389228
normalized_shape,DO,fluorescence_plus_env,29,11.015272310066957,15.713300980986793,0.698001888362688,0.7413793103448275,10.0
normalized_shape,DO,corrected_fluorescence,29,15.16378719603655,25.135299525269588,0.22725269604227372,0.4798029556650245,56.23413251903491
normalized_shape,DO,environment_only,29,17.012773099745672,24.03655266308707,0.29333475773251727,0.3201970443349753,0.001
normalized_shape,ORP,fluorescence_only,29,11.562516713495537,14.70628851972592,0.7354696339538649,0.6477832512315269,1.7782794100389228
normalized_shape,ORP,fluorescence_plus_env,29,11.01858620115805,15.064308131788653,0.7224330524212115,0.7349753694581279,1.7782794100389228
normalized_shape,ORP,corrected_fluorescence,29,13.586621727624218,21.454425328942513,0.4370068106946887,0.5536945812807881,10.0
normalized_shape,ORP,environment_only,29,18.97535402677046,31.066740381825902,-0.18048573937574508,0.06157635467980294,56.23413251903491
normalized_shape,turbidity,fluorescence_only,29,11.562516713495537,14.70628851972592,0.7354696339538649,0.6477832512315269,1.7782794100389228
normalized_shape,turbidity,fluorescence_plus_env,29,12.649700934737693,16.666211800205975,0.6602627538353496,0.6512315270935959,5.623413251903491
normalized_shape,turbidity,corrected_fluorescence,29,14.661787431195489,19.370044295008565,0.5410867506112038,0.49901477832512303,10.0
normalized_shape,turbidity,environment_only,29,18.913281660912546,29.67439623062792,-0.07704327035925207,-0.27093596059113295,56.23413251903491
mechanistic_ratio,salinity,fluorescence_only,29,18.77161461362644,29.596448563450576,-0.07139242258430167,-0.8660098522167486,1000.0
mechanistic_ratio,salinity,fluorescence_plus_env,29,18.790767395594916,29.636326962526873,-0.07428156644353412,-0.8669950738916254,1000.0
mechanistic_ratio,salinity,corrected_fluorescence,29,18.767901337767203,29.599335081478188,-0.0716014168725787,-0.8369458128078816,1000.0
mechanistic_ratio,salinity,environment_only,29,18.878102806833216,29.813346485125436,-0.08715338790835081,-0.9886699507389161,1000.0
mechanistic_ratio,pH,fluorescence_only,29,18.77161461362644,29.596448563450576,-0.07139242258430167,-0.8660098522167486,1000.0
mechanistic_ratio,pH,fluorescence_plus_env,29,18.911616232936716,30.0965723154692,-0.1079073471001879,-0.7423645320197043,1000.0
mechanistic_ratio,pH,corrected_fluorescence,29,18.77408939266439,29.598892222057536,-0.07156935093385841,-0.8837438423645319,1000.0
mechanistic_ratio,pH,environment_only,29,18.999587339566695,30.286627431529066,-0.12194404834119754,-0.8901477832512312,1000.0
mechanistic_ratio,temperature,fluorescence_only,29,18.77161461362644,29.596448563450576,-0.07139242258430167,-0.8660098522167486,1000.0
mechanistic_ratio,temperature,fluorescence_plus_env,29,18.87632179405676,29.89721185742447,-0.09327834682844638,-0.7187192118226599,1000.0
mechanistic_ratio,temperature,corrected_fluorescence,29,18.779449695203628,29.601095015278204,-0.07172885241235472,-0.8600985221674875,1000.0
mechanistic_ratio,temperature,environment_only,29,18.953255554173417,30.051309260345533,-0.10457742887065447,-0.8039408866995073,1000.0
mechanistic_ratio,DO,fluorescence_only,29,18.77161461362644,29.596448563450576,-0.07139242258430167,-0.8660098522167486,1000.0
mechanistic_ratio,DO,fluorescence_plus_env,29,16.57084004558534,23.911369231320954,0.3006762781521407,0.4241379310344827,1.7782794100389228
mechanistic_ratio,DO,corrected_fluorescence,29,18.161797985838994,29.062564842972897,-0.033087834070172795,-0.3788177339901477,56.23413251903491
mechanistic_ratio,DO,environment_only,29,17.012773099745672,24.03655266308707,0.29333475773251727,0.3201970443349753,0.001
mechanistic_ratio,ORP,fluorescence_only,29,18.77161461362644,29.596448563450576,-0.07139242258430167,-0.8660098522167486,1000.0
mechanistic_ratio,ORP,fluorescence_plus_env,29,18.842293915875782,30.730451591097648,-0.15506720522801865,0.06108374384236451,177.82794100389228
mechanistic_ratio,ORP,corrected_fluorescence,29,18.45460178643953,29.443262606872853,-0.06033045081309818,-0.558128078817734,1000.0
mechanistic_ratio,ORP,environment_only,29,18.97535402677046,31.066740381825902,-0.18048573937574508,0.06157635467980294,56.23413251903491
mechanistic_ratio,turbidity,fluorescence_only,29,18.77161461362644,29.596448563450576,-0.07139242258430167,-0.8660098522167486,1000.0
mechanistic_ratio,turbidity,fluorescence_plus_env,29,18.73950014855046,29.612917380838148,-0.07258509779611755,-0.7064039408866993,1000.0
mechanistic_ratio,turbidity,corrected_fluorescence,29,18.763267685293666,29.593747535879483,-0.071196876931783,-0.8773399014778324,1000.0
mechanistic_ratio,turbidity,environment_only,29,18.913281660912546,29.67439623062792,-0.07704327035925207,-0.27093596059113295,56.23413251903491
raw_intensity,salinity+pH,fluorescence_plus_env,29,7.078703849620259,9.202857437763578,0.8964107335845081,0.6832512315270934,1.7782794100389228
raw_intensity,salinity+pH,corrected_fluorescence,29,7.054376717649875,9.894314254455118,0.8802595823464823,0.6532019704433496,5.623413251903491
raw_intensity,salinity+pH,environment_only,29,19.02027608503122,30.33073599200525,-0.1252143611534029,-0.8886699507389161,1000.0
raw_intensity,salinity+pH+temperature,fluorescence_plus_env,29,8.761481298099778,13.720799691709916,0.7697348481667236,0.6591133004926107,1.7782794100389228
raw_intensity,salinity+pH+temperature,corrected_fluorescence,29,7.788417904117402,10.687718264997226,0.8602861813937849,0.6591133004926107,10.0
raw_intensity,salinity+pH+temperature,environment_only,29,19.149410638253038,30.724398883941156,-0.15461224315154354,-0.7349753694581279,1000.0
raw_intensity,salinity+pH+temperature+DO+ORP+turbidity,fluorescence_plus_env,29,7.244974341932531,9.252288339671933,0.8952949360860343,0.660591133004926,1.7782794100389228
raw_intensity,salinity+pH+temperature+DO+ORP+turbidity,corrected_fluorescence,29,11.278822264087422,17.165323344211007,0.6396094902152962,0.6645320197044333,17.78279410038923
raw_intensity,salinity+pH+temperature+DO+ORP+turbidity,environment_only,29,20.165245487653337,31.365816276154863,-0.20332394079366223,-0.010837438423645318,10.0
