permutation,delta_mae
0,-1.678603545723945
1,-1.367492060314616
2,-0.13376300077759495
3,-0.048235011224281976
4,0.7143940426810182
5,0.04480371520380455
6,-0.28283754692279395
7,0.8554059784673402
8,1.607264789519907
9,-0.9012262754352118
10,-0.37109174733293937
11,-2.03157443122811
12,0.8374531730104682
13,-0.29670821390791957
14,-0.1169182087322751
15,-1.6692583679804027
16,0.7097003350409476
17,0.05063154640038903
18,0.9762747364953359
19,-0.0725296880691717
20,-2.372788635924051
21,1.071218026585
22,0.6270091412872256
23,-0.5308773665632209
24,-1.669614949216033
25,-0.3491176700797878
26,0.7204162739191871
27,-1.6525185787899677
28,0.09559189859679051
29,-0.07735451388531622
30,-2.6301971297949702
31,-1.5826655737975042
32,0.1489334718159796
33,-0.6827648397674064
34,0.0667260823202005
35,-2.59599920129992
36,-0.24052650632428296
37,-0.3746912404760403
38,-3.1377397378473493
39,-0.09343000171102034
40,-0.04971224817816644
41,-1.277652664440014
42,0.042594413931242414
43,-0.6296056921036852
44,-0.08918138375343165
45,-1.7404508253152695
46,1.777215975507425
47,0.6937855671337845
48,-0.7842686622481274
49,-2.7654228016450926
50,-0.35081147958674297
51,-1.9373065582892703
52,0.4476812430023047
53,-6.041833681651337
54,-1.1511482323893887
55,-3.3035869995332074
56,-0.21749230113468965
57,0.2637985582770739
58,-2.3969922055178277
59,-1.347792137457425
60,-0.4551641011301433
61,0.23271089694089486
62,0.5672058381230194
63,-1.2708876706812955
64,-5.904803435635134
65,-2.429659104484303
66,-1.6219499950966156
67,0.8229093528043494
68,-0.3259375408515268
69,0.7969113539974533
70,0.22543947502742334
71,-1.8289112350146919
72,-1.037713719570755
73,-1.012860034347609
74,-0.9986879766823442
75,-0.44242759214226623
76,0.33946841582745435
77,-3.081770593573374
78,0.07516362842879243
79,-0.5273141529298906
80,-0.12915037397414064
81,-2.2156745870810006
82,0.2060837609794195
83,-3.2005514487913125
84,-1.9252238671126278
85,-3.79445788758966
86,0.5799196788592074
87,0.1945837116027489
88,-4.2491110352222226
89,-1.0702018752529288
90,-0.18043025584643324
91,-0.07049001931023824
92,-0.3336412667289679
93,0.5786547969582365
94,0.3740936918214297
95,-3.735450258118709
96,0.39109409254930316
97,-1.4194174997924964
98,0.5396163204527031
99,-1.884157402372539
100,-2.0572683994434886
101,-0.7230852761568451
102,-0.568570130485746
103,0.5026038463162239
104,-1.2522716180015614
105,-0.055447597531769865
106,-0.01852757669749394
107,-0.8856687120304834
108,-1.0833445249692808
109,-0.9970549211990054
110,-3.697623714009099
111,-0.8710611839933105
112,0.01159221623520068
113,-0.16330619616341124
114,-0.43849227615940034
115,-3.598179033778205
116,0.42673303150481257
117,0.07111846155404677
118,-0.4002589835067347
119,0.23855695762141238
120,-1.0022807821739175
121,-2.4290939687241906
122,-0.7050923010035142
123,-0.216355655691431
124,-1.212193910552708
125,-0.6822345617211765
126,0.2903369005811012
127,-2.3155491721085237
128,-3.5989257110395876
129,-2.9178331138594444
130,-1.6414361906259174
131,-0.08920891664684483
132,-0.7235827806212596
133,-2.284473648444461
134,-0.20600209553355242
135,-3.793882646558089
136,-0.10290222146056305
137,0.14254704901079762
138,-0.6558608679511515
139,0.2079996719683983
140,-0.16245457121829876
141,-3.0939624500968392
142,0.36492075379517175
143,-0.3393024752623175
144,-2.749881861967191
145,0.11306190095117952
146,0.666241226173943
147,-0.4141152124886105
148,-0.12126297524451601
149,-1.2777364016148542
150,-0.5033944428328123
151,-2.1265588151442074
152,-1.4082159228989184
153,0.6981436236852447
154,-0.9218800714701736
155,-0.4290837675623189
156,-0.11745023048963965
157,-2.2123596517808295
158,-0.14036796421126319
159,-1.7719622173010272
160,-0.4217628818265462
161,-1.7094261401710984
162,0.39662621007048227
163,-2.6987734455462
164,-0.06525503745220362
165,0.8045685042029893
166,-0.66777996664515
167,-0.2835004809566595
168,-0.3230633309434898
169,-2.235250798817514
170,-1.82928946005436
171,0.007750607598902448
172,-0.2723916339848902
173,0.3305491398962097
174,0.43506680101820905
175,-0.0016382026952799222
176,0.09777742650140375
177,0.5032043877117536
178,0.04400881056230421
179,-1.2539915451010888
180,0.8151450137344138
181,-0.8580910970676907
182,-0.6045416596070377
183,-2.6398834847318273
184,-2.611787637280397
185,-0.7836306229679533
186,0.042448123782053315
187,0.7208042913150994
188,-0.7671748775612333
189,-1.3267234793207905
190,-2.6032140780369613
191,0.08732939132430229
192,-2.1571129540183556
193,0.18136699510711551
194,0.2524662915163107
195,0.5853468889683962
196,-0.5977618185540496
197,-1.292665583805455
198,0.1289128386960945
199,-1.6282773275951783
200,0.6130502291925204
201,0.16686347497657472
202,-0.4154938396978478
203,-2.208868808992408
204,-2.9554028266739607
205,0.039318090268629646
206,-4.63435265615974
207,0.16047501842145007
208,-2.5579744824458945
209,-1.0580033541114506
210,0.1541419048768411
211,-6.244270859072877
212,0.6739605886919966
213,-2.0397333145564254
214,0.4944322022054042
215,-0.8377316257505001
216,-1.3288774041880274
217,-0.040506970305695056
218,-1.6287221675111887
219,-4.485506576562102
220,0.09714516357115066
221,-2.0934827669832465
222,-0.4813513220658221
223,2.393140873629619
224,-2.8110970060239424
225,-0.22487827226455348
226,-0.2834380949111619
227,-0.8921980801251603
228,0.20190706543453985
229,-1.4182256593843885
230,0.6654283150426181
231,-3.2975659110966387
232,-1.29938989668182
233,-0.20299376574772765
234,-0.6245075945245837
235,-0.858245749210063
236,-0.44786389015564776
237,0.6210456399560291
238,-0.23809609870717097
239,-0.02601769648594665
240,-0.49798478655651834
241,0.4257079507069266
242,-2.9349126137588044
243,-0.7367408091907901
244,-3.317035314293685
245,0.05847564839333508
246,0.33685601121793685
247,-0.25882706414819623
248,-0.6800150269375029
249,-0.3037295246879159
250,-1.3329806081449291
251,-0.9811362979600418
252,-1.0571023080901565
253,0.3328023023032731
254,-0.04794562291660043
255,-0.10941334847737494
256,-0.32595791811902686
257,-0.7747776984765622
258,-0.15113392704781248
259,-0.2561128986852417
260,-6.334848875471122
261,-0.23218515316883614
262,-0.5764608329494134
263,0.24795763178257513
264,-2.106441708629321
265,-1.5928141074625213
266,0.5467629782914605
267,-0.3888450535422754
268,-0.6048393071110638
269,-0.2361120787184925
270,1.2785076552183856
271,-1.633778555482273
272,-1.009335191329468
273,0.099330438787395
274,-0.9162643850053076
275,0.6131232047663948
276,-2.1424881333223382
277,0.3798473784926282
278,-1.5105590594439509
279,-0.25202164153247164
280,0.13760074001083034
281,-1.4007391205950128
282,-0.05355158090578982
283,-0.08640554721959859
284,-0.11096404486398459
285,-1.4890698844992674
286,-0.7209908637142064
287,-0.7499169198272586
288,-0.8485089993964685
289,0.09691519419807726
290,0.7525614471640543
291,0.14994926076798265
292,-0.15813654903110574
293,-0.33676636915009084
294,-3.191853827493384
295,-0.17892323610255545
296,-0.3830935205427579
297,-1.4945954235220178
298,0.4057323118880074
299,-0.5529641093828515
300,-0.8210749747609718
301,-1.2345037496094164
302,0.6952147840398606
303,1.5867143875770378
304,-1.574733688532664
305,-2.8999794157274756
306,-1.4144290581095778
307,-2.8016277904021187
308,0.22261351440184907
309,0.16296991340799405
310,-0.02756988931262505
311,-0.08210105556368319
312,-0.5669037790315867
313,-6.818457570356944
314,-1.3805256306191929
315,-0.40053092921983513
316,-0.5835937613568465
317,-0.09790771615160399
318,0.2433198253998734
319,-2.4114588051952524
320,-1.007524709220851
321,0.4703868425952358
322,-0.2943460911683191
323,-2.850564742435397
324,0.5202986210010696
325,-0.8180979189735655
326,-0.6393814749725735
327,-1.9536547541264362
328,-2.6387406406716654
329,0.013974933796417233
330,0.21731770867735012
331,-0.600163386687532
332,-1.4508795099705694
333,-0.2762393220871955
334,0.7245933487384031
335,-0.9830145153442675
336,-0.8666977087706975
337,-4.167451508753185
338,0.7957376368840716
339,-0.8749373862775869
340,1.6632074354460258
341,0.23964741797276012
342,-2.626883708518047
343,-1.6283596904158149
344,-0.3665013429063313
345,-0.7924084202058754
346,-0.8404421888389422
347,-0.04633544067303319
348,-0.23004349410381764
349,0.6517390086238084
350,-0.920819220567406
351,-0.9975262225044954
352,0.052331041220007535
353,-4.0112544383715925
354,-3.194532257319638
355,-0.37773347897360754
356,-1.2157455657891418
357,0.27999638243646974
358,-1.690637667583971
359,0.8453734915940068
360,0.19935343644790748
361,-1.3924896067913828
362,1.3145298332654258
363,-1.0882210407959825
364,-1.6556214948295374
365,-2.126815458717486
366,0.6110480025152452
367,0.5911597994461539
368,-0.07802468577166444
369,-3.1654867965548448
370,0.3002385315818179
371,-2.514674374891854
372,-1.7154393149734606
373,-0.1733780888413916
374,-1.7218615281159515
375,0.05424460086591765
376,-0.7572423037407265
377,-0.2353448225985364
378,0.003626512379661051
379,0.43673912921327673
380,-0.3534419563137261
381,-0.22541768569378107
382,-0.1554078577251916
383,-0.1285201490932879
384,-1.132453313090787
385,0.03877207801420379
386,-0.08452636134676883
387,-0.8968110177406956
388,-0.2232463304639598
389,0.03667502407360601
390,-2.072215316495054
391,-0.0023986652095642214
392,-1.9174523317608898
393,-1.0778576885814157
394,-1.2674956978374876
395,-1.3363506183159437
396,-0.005377930832306532
397,1.3418878751365133
398,-0.6194217775259698
399,-0.36979077528145954
400,0.8848006306457057
401,-3.2646039444660193
402,-1.2550977775256857
403,-1.067266004437771
404,-3.0029839930044826
405,-1.465083099283122
406,-0.5145187923502048
407,-0.5311770608170088
408,0.1416488903256079
409,-3.7307350905174737
410,0.4666481258035393
411,-0.9491240185365619
412,-0.2946364480766217
413,-2.1706487454587933
414,-1.2372559185921403
415,-2.110141581998205
416,0.1867343383073523
417,0.8879754176037125
418,0.4550726427908245
419,-2.8307980355017914
420,0.7832847235604596
421,0.5184254519817344
422,0.7188097214722422
423,-2.6484803382297866
424,-1.2338201959707327
425,-7.237023353874971
426,1.2315325755562379
427,-0.08219636966313892
428,-0.8858223882094833
429,-4.731662319460623
430,-0.9970334958756997
431,-4.356763492184896
432,-3.4578867211646376
433,-2.027740268762848
434,0.3981650127156069
435,0.8166181397445227
436,-0.3936693854742481
437,-1.2340197524110472
438,-1.1063686563666195
439,-0.37353733748659756
440,0.11456527340887046
441,-0.04202095271017381
442,-0.2943786400349806
443,-1.5383307250890645
444,-0.41155417717471465
445,0.22339796703325643
446,-1.2982984982140469
447,-1.6596944359502128
448,-1.3005115249153736
449,-0.06456077314591102
450,-0.5391151985202214
451,-2.2121063113763864
452,1.4277216889271163
453,0.0236838287977843
454,-0.18062557403538637
455,0.5221870712188057
456,-2.0016210119891173
457,-5.747383919385431
458,-0.31368200500877563
459,-0.5641653130353044
460,-1.1404419662080016
461,0.1580293231147607
462,-1.346305725060624
463,0.1794085073146272
464,-5.213913266908818
465,-1.1812502376795901
466,-0.5836723930160117
467,-2.573990792990232
468,-1.7527551327852198
469,-3.5416806985823897
470,0.7940757613375613
471,-0.43411745316179573
472,-0.5678493464461036
473,0.35416025344621893
474,-0.47868018962031744
475,-5.452950891894842
476,0.26464519348569926
477,-0.7183350694987567
478,-2.35299858744607
479,0.09040824164392536
480,-1.7401266688288164
481,-1.8062031203158568
482,0.3695663399236375
483,0.08782903450719104
484,-0.8358562303544428
485,-1.6759740937903889
486,-0.4589420446223835
487,-1.37332899251874
488,-0.8055997115952618
489,-0.8111089670167111
490,0.5417447992617941
491,-0.508408996201049
492,0.43620161798770507
493,-1.5786402114343154
494,0.6408167999931393
495,-2.4432448781377207
496,-1.493988974857288
497,-0.20064889213960502
498,-1.1070502046252493
499,-0.062380140526824945
500,-0.19571673109970789
501,-1.2780610146666511
502,-0.31008662855474345
503,0.8487050706201806
504,-0.8088008531362085
505,-0.4568324851373866
506,-2.0213976778067746
507,-2.266485518249315
508,0.14523969767798572
509,0.14351228353489986
510,-0.6755960663751059
511,-0.026684331114700477
512,0.6544086997314
513,-5.57069650532218
514,-1.7759201974515086
515,-0.060011085285776034
516,0.5021230721322212
517,0.2158852147852528
518,-1.39805064413631
519,-1.0205756569631337
520,0.007592087508802692
521,-0.2652064476115079
522,-1.1154634475796215
523,-0.0954499580835666
524,-2.07775276770246
525,0.7884901219432541
526,-3.0331165355567595
527,0.41120965499760675
528,-0.06983376896294224
529,-1.3946097925027292
530,0.680758840321146
531,-0.8053080751215926
532,-0.7920993046500175
533,-0.763732415375264
534,-2.464648471999535
535,-0.4118585508182395
536,0.21247664928636034
537,-4.68983652248113
538,0.4646196182238471
539,-0.32668882609914096
540,0.44605615566447554
541,0.1297381276716303
542,-0.5284042714689665
543,-5.287702819271457
544,0.2840055570667088
545,-0.37384483870231744
546,-0.06917868011736594
547,-0.8417095460118489
548,-2.976043894922647
549,-1.0122307791050815
550,-1.3942559192804858
551,-1.3845658658332933
552,-1.0859715660799356
553,-1.7752701198226948
554,-1.1673556981227406
555,0.20714546948015755
556,-0.6233767128871897
557,-0.06166276848860708
558,0.2094693354872872
559,-0.12417151775000779
560,-0.039854486494688146
561,-0.9449357713846656
562,-0.5503022341650938
563,0.3879622351554106
564,-2.1240558379316283
565,-2.6543996762020825
566,0.0238393493590916
567,-0.5150126382901874
568,0.3361835477788233
569,-0.07700538231286025
570,-3.858392471859526
571,0.5439477119320308
572,-0.4087627177466553
573,0.8842952891516616
574,0.40019199257228255
575,-0.7681645994601283
576,0.2916491519669355
577,1.6674636020724485
578,-0.16880953351031636
579,-1.8624907739931604
580,-0.048515784312266774
581,-0.9621595294384075
582,-0.23973318874916671
583,0.020953444250269904
584,-1.4752995248870082
585,0.3229040428742538
586,0.3281434803761316
587,-4.172778240263225
588,-1.2192606555953844
589,-4.398916308835883
590,-1.5391019589564348
591,-0.8319785456724382
592,0.5898093804482647
593,-0.13506476424495606
594,-1.2860391620562908
595,-0.16638514253606473
596,-4.961033850100074
597,-1.2235028539227972
598,-1.414656015916135
599,-0.46011602813000074
600,-0.5703835056323738
601,-0.06299124193230199
602,1.605143150042549
603,-0.12871417029773458
604,-1.938640322967835
605,-0.892356289379272
606,0.16556894449976678
607,-2.9234246523884053
608,-0.5289293064295082
609,-0.24206837183247387
610,-1.9645739369654418
611,-1.839802553660931
612,-0.9435144364414576
613,-1.7401826364500828
614,-0.7206785756448122
615,-0.3071166945405448
616,-1.9708387170090216
617,-1.554640760559744
618,-0.0032266917348886537
619,0.06324154513433289
620,-1.632893561347652
621,-0.5979860618624482
622,-4.020916503036565
623,-0.6515261515652373
624,0.08436347368142716
625,1.2082835806541556
626,-2.9152609906036435
627,-0.15141309554183913
628,1.4296250515291655
629,-1.4976768242084493
630,-1.0950981024887518
631,0.5236704496918207
632,0.47563398789040434
633,-0.5232517885688193
634,-1.692579034067009
635,-6.79258111741008
636,-0.1581944208616175
637,-0.23902981013599156
638,-3.134179118056311
639,0.06429758525887408
640,-1.6038457123682246
641,-0.6659872749475699
642,-4.466668146749003
643,-2.921932949003102
644,0.22835855791445958
645,-0.6192458360381332
646,-3.8695562617914767
647,-0.08275122054668671
648,0.04263662499630616
649,-0.24342712967848978
650,0.4672141298496033
651,-4.654535324356747
652,-6.487472409284035
653,0.9126958561083143
654,-0.5517681352051946
655,-0.11029564047106621
656,-1.895727604738223
657,-1.2906913264102595
658,1.0686402633102832
659,-1.4472189185211164
660,-2.560955429320881
661,-0.9342177537248091
662,0.002321997217659799
663,-0.4346130497237146
664,-2.7617726358102512
665,0.23222471468218675
666,-0.6512837190436809
667,-0.2722367149610747
668,-1.2374562940022837
669,-1.0167772159555675
670,-2.105612880403662
671,-0.4714899886621646
672,-2.3710884922273436
673,-1.3095930463082421
674,-0.6354612897113983
675,-2.2935529175523204
676,-0.5078504008829618
677,-0.14107937342427945
678,-0.6463999771650801
679,-0.4177528303084257
680,0.5725335859515139
681,-0.17695104407703877
682,-0.2698683296833835
683,-1.3822641065803083
684,0.6293957204816785
685,-0.19425658805209878
686,-5.309248110038144
687,0.817015519497545
688,-1.7446436118640385
689,-4.087926952747521
690,-0.586619351053546
691,-0.35345706358995965
692,-0.0041627075449834905
693,0.8842793191421068
694,-0.4189235903322235
695,-2.862393224594504
696,-2.9236348424620147
697,-5.018704413686475
698,-3.750250616253213
699,0.25965525613658436
700,-1.0053067876735913
701,-3.1888954677076633
702,-0.7814026900882372
703,-2.4455997137429666
704,0.07255417352860505
705,0.5147414376730755
706,-1.8851586970720806
707,-1.422864811394403
708,-2.0818864586932246
709,0.5886716101965543
710,0.4316817098482879
711,0.7807905548139233
712,-0.9052223404847624
713,-0.4711802827650766
714,-0.21214581667702515
715,0.3164102469546295
716,0.7511587157303765
717,-2.9566278861945356
718,0.03522172234258569
719,-4.7838616825229785
720,-1.2434284779919498
721,0.0450781379191465
722,-0.7598575461245769
723,-0.2856339757084765
724,-0.45013741945280294
725,-0.4854795789659203
726,-0.4630390522121779
727,0.9373775025906932
728,-0.12481012097827815
729,-2.865155680631588
730,0.9513136606873172
731,0.4440582390791832
732,-0.48080264358692215
733,-0.6044751458993431
734,-2.049037600513339
735,0.4121717840877066
736,-0.17067506321238923
737,-1.0116028853988173
738,-1.8516300370316845
739,1.018681485256507
740,0.2262843869994624
741,0.08391112027924308
742,-0.10326249154282863
743,0.6228688783263792
744,-2.2493758623690407
745,-0.4979210232739044
746,-1.286290320382811
747,-2.153345982930295
748,-0.9533504481750406
749,-0.3329899417230058
750,-1.6923040829793692
751,0.8179866509806466
752,-3.6197738175877863
753,-0.2647408948787726
754,-2.1008426767421398
755,0.8698892667726446
756,-0.4171231829751516
757,-1.0125274820662042
758,-1.8388579117365893
759,-0.9838849192171946
760,0.21150221655940893
761,0.15102363061818647
762,-0.7416908863485521
763,0.2589172785172895
764,-0.2416658618232228
765,0.027446679359075077
766,0.05330710324830701
767,-0.15719283111994375
768,-3.784383875485803
769,0.3518252724449171
770,-2.281667887632908
771,1.2230934839518675
772,-5.23698424945832
773,-2.3201765823909604
774,0.41980374494949046
775,-2.7923810013156825
776,-0.6384405509872781
777,0.010874830532574542
778,0.33545071079664535
779,-0.3214668252081285
780,-0.4642891901742443
781,-0.27967275278490433
782,-4.209921521717144
783,-0.11773757067881618
784,-1.306315754358712
785,-0.5950138089460779
786,-0.34289085944887354
787,-2.084296232394758
788,-7.0304390763385545
789,-6.086616645257186
790,-1.3779258452527507
791,-0.6947153170288187
792,0.04298046023818003
793,0.7445219698504175
794,-1.3819118293856363
795,-1.9186168329805433
796,-4.191569994134854
797,1.1570382639971193
798,-0.49109243540048997
799,0.4243166021903457
800,-6.087087220863868
801,-0.2474316466110773
802,-0.5463673174274817
803,-0.30362954875762327
804,-2.0699856605031464
805,-0.2748378789361823
806,-0.9887345796177556
807,0.45913925187010385
808,-2.470535924200009
809,-0.3077707837144228
810,-1.2045948816414338
811,-1.7986879555924435
812,-0.9738961786113105
813,-2.2199770497293905
814,-0.2435640423104921
815,-2.993852484439607
816,-2.362400524117639
817,-1.3792172676216037
818,-5.512132519907587
819,0.5192199862910609
820,-0.592373388075643
821,-2.3974654929426933
822,-0.7494434295017918
823,-0.5681386062824139
824,-0.34358330859710406
825,0.4079386602146515
826,-1.900208449574368
827,-0.8191514312332284
828,-0.8589637923334514
829,-0.01728446764110103
830,0.6083985848529139
831,0.000472459649338397
832,-3.0947833872202555
833,-1.6698557956815918
834,0.6783245165464846
835,-0.8423509242059719
836,-3.9028175154782225
837,-0.16798800378588652
838,0.21551552179688738
839,-0.6682390185319766
840,-2.128718427489174
841,-2.2572774384121175
842,1.198063145139554
843,-1.2268267282326555
844,-0.21828763523581873
845,-0.2238526434430712
846,-2.16494859580939
847,-2.013062362819019
848,0.5470260795391964
849,-1.7019321787795825
850,-0.06860992598117388
851,-1.390919284213176
852,-0.6427765791456741
853,0.6401348141511045
854,-0.8156154768853625
855,0.12864208871427518
856,0.7525787793351384
857,-1.6624125813842365
858,1.3268262671582995
859,-0.9684025767521405
860,-1.1594414482131725
861,-0.1277280910809484
862,-0.600151836665888
863,-7.615729521411266
864,-0.16239664197752823
865,-0.92071263691453
866,-1.9515639154376245
867,-0.7784852894668912
868,-0.23288302885287582
869,0.8299466963216808
870,-0.9925446021221678
871,0.4765123061724639
872,-2.3936381215727103
873,-1.3885831427738236
874,0.005826293187162435
875,-0.31192333314164244
876,1.8863882101548457
877,-1.5098769545917428
878,-0.001282045592062353
879,0.19944238373004186
880,-1.9751571279277105
881,-0.7673298285814827
882,0.42073750364594265
883,-2.3996710362915366
884,-2.6186612375568057
885,-0.17511324940467787
886,-0.14722132364063079
887,-2.9346648980198484
888,-0.9570227879823339
889,-0.4467871172226765
890,-3.5807944255992066
891,-1.644163045637999
892,-3.0629433433892004
893,-4.64467230950158
894,0.22398911679075084
895,-2.0746788116807267
896,-2.254374701547734
897,1.253295383427191
898,-2.514593736963789
899,-0.414777609711364
900,-0.6383523898118035
901,1.0944271591145398
902,-0.22291190752254852
903,-0.0030602362215610412
904,-4.123403095084617
905,-0.7391309754497843
906,-1.5830039433273626
907,0.21939221781776563
908,-2.092891490480479
909,-1.2019714741687562
910,-1.751148256653952
911,-0.4922104295068692
912,-0.8219153107704784
913,0.1940414517843143
914,0.052171839710422496
915,0.244001199668479
916,0.017149062241459845
917,0.10725482419815346
918,-0.2544920836402653
919,0.3355305524579979
920,-2.3327645413887463
921,0.6940556273804681
922,0.5410489912520147
923,0.45274629884342765
924,-1.803147621954114
925,-0.18207997546282684
926,0.7367908908491252
927,-0.20736724709584653
928,-2.5728128110483137
929,-1.1094791581763044
930,-1.5274442040341185
931,-1.3783513767137219
932,-4.534809234125968
933,-1.0355492386801188
934,-0.3966752782164189
935,-0.30679609650945405
936,-2.540582664994675
937,0.47144581174876254
938,-2.1007660890714615
939,-0.1001227924750463
940,-1.295494144405323
941,1.0495027776167092
942,-0.38668268708729325
943,-1.4296561202191338
944,0.37911207811852243
945,0.4675718263098201
946,-2.7456661126679744
947,0.018525731823327618
948,-0.8871736513216195
949,-0.429809082333624
950,0.302762133828244
951,-0.47377979743315723
952,-5.512781297628104
953,-0.4304670556827883
954,-1.1176886682912084
955,0.21772820032180995
956,-3.0355016999988482
957,-1.5689093686267483
958,-1.3801422733048145
959,0.33057269006039913
960,-6.771025957760859
961,-0.6924222737360406
962,0.5432891215954427
963,-2.2771120656520214
964,0.02874540191840591
965,0.35521537188363084
966,-1.072990903441541
967,-0.571108049100733
968,-0.22344409146075073
969,-0.208764908009198
970,-0.5515252838015279
971,-1.9984815059665149
972,0.4263103070326073
973,-0.8797734407057245
974,-1.4965768216596569
975,-0.48785902775253653
976,-0.6840914621010059
977,-0.27303452345814616
978,-0.28531380781333926
979,-3.8491633749416287
980,-0.3341713253629708
981,-5.884263242533077
982,-1.2441165361720916
983,-0.5251703116772166
984,0.17332068534313105
985,-0.6219211225092192
986,-0.09811640980906589
987,-1.7242584886627874
988,-2.4943852440758665
989,-0.18101674352459796
990,-1.0171870722398406
991,-4.218630907313203
992,0.0363794278223315
993,-0.12003886545521869
994,-0.2804918456328469
995,-0.9279582490389675
996,0.8990923096813193
997,0.09229554140178031
998,-0.4269062771066796
999,0.7198737877503367
